sequence,ticket_id,track,phase,title,status,priority,depends_on,summary,deliverables,success_criteria,validation,general_instructions,watch_outs,files_or_modules
0,ROADMAP-000,ROADMAP,Planning,Create execution roadmap artifacts,done,P0,none,Convert the rewrite plan into an execution-grade backlog that can drive autonomous delivery without additional planning passes.,"Root tickets.csv with unique ticket IDs, sequence, dependencies, status, success criteria, validation, instructions, and watch-outs; root PLAN.md with shared operating guidance and execution rules.",tickets.csv and PLAN.md both exist at repo root; ticket IDs are unique and sorted by sequence; dependencies are explicit and non-circular; exactly one next actionable ticket is marked ready.,Confirm files exist; inspect ticket ordering; confirm roadmap ticket is marked done and next ticket is ready.,Keep roadmap stable unless new code facts require change; update status in place instead of forking new planning files; preserve one ticket per deliverable-sized unit of work.,Do not let roadmap drift from code reality; do not create circular dependencies; do not duplicate the archived TypeScript core into main.,tickets.csv; PLAN.md
8,QA-001,QA,Foundation,"Create sanitized fixture, parity harness, and benchmark baseline",done,P0,none,"Establish a deterministic, sanitized data and measurement baseline before deep refactors so later tickets can prove parity and performance instead of relying on intuition.","Synthetic fixture config, rules, and SQLite ledger suitable for committed tests; repeatable benchmark commands for transaction list, summary, cashflow, and dashboard payloads; recorded baseline numbers and archive-to-main parity checklist.",Fixture contains no personal runtime data and is deterministic; warm and cold benchmark commands are documented and runnable; archived surfaces are mapped to Rust targets; baseline measurements are stored for later comparison.,"Run fixture-loading or fixture-generation tests; run benchmark commands at least once and record outputs; verify parity checklist covers dashboard, overview, and transactions surfaces.",Use synthetic data only; keep timestamps and IDs deterministic; separate API-handler latency from full-page render latency; prefer hyperfine or equivalent simple reproducible benchmarks.,"Do not rely on FIN_HOME personal files; do not record noisy one-off measurements as gates; do not mix benchmark targets such as SQL time, handler time, and SSR time into one number.",tests/fixtures; benches or scripts/benchmarks; package.json; PLAN.md
16,SDK-001,SDK,Core,Extract shared read context and service seam,done,P0,QA-001,"Create a single Rust read-service seam that centralizes config loading, DB resolution, and read-only connection management for CLI, TUI, and future API consumers.",A shared ReadContext or equivalent service module in fin-sdk; CLI and TUI read paths updated to use it; duplicated resolve_db style logic removed or reduced to thin adapters.,CLI and TUI both use the shared read seam for config and database access; read logic no longer depends on CLI presentation types; path precedence and read-only semantics remain correct.,Run cargo check and cargo test; run representative read commands and launch TUI startup path; compare output behavior before and after refactor.,Keep the seam in fin-sdk rather than fin-cli; make it typed and presentation-free; preserve existing JSON and text behavior at the edges while removing duplication under the hood.,Readonly plus migrate currently has nuanced behavior; do not introduce circular dependencies between SDK and CLI; do not leak clap or serde_json specific types into the SDK core.,crates/fin-sdk/src; crates/fin-cli/src/commands/view.rs; crates/fin-cli/src/commands/report.rs; crates/fin-cli/src/commands/sanitize.rs; crates/fin-tui/src/fetch.rs
24,SDK-002,SDK,Core,"Normalize envelope, discovery, and registry parity",done,P0,SDK-001,"Unify the read-only contract across CLI and future API by fixing discovery gaps, registry drift, and envelope inconsistencies now instead of carrying them into fin-api.","Shared or aligned envelope types; corrected tool registry metadata; explicit handling for version, tools, and health; output field definitions updated to match real payloads.","The registry accurately describes real read-only behavior; version, tools, and health are discoverable as intended; payload field names and outputFields no longer drift; envelope shape remains stable as ok/data/error/meta.",Snapshot or golden-test fin tools --json; verify health and version payloads; verify existing automation can still parse JSON envelopes.,Preserve envelope keys and error semantics; treat the CLI contract as public; use this ticket to remove discovery ambiguity before API endpoints inherit it.,Do not silently rename established payload keys; do not expose interactive or mutating commands as read-only API candidates; do not let registry metadata differ from actual command outputs.,crates/fin-cli/src/envelope.rs; crates/fin-cli/src/registry.rs; crates/fin-cli/src/commands/tools.rs; crates/fin-cli/src/commands/health.rs; crates/fin-cli/src/commands/version.rs; crates/fin-sdk/src/contracts.rs
32,SDK-003,SDK,Core,Implement dashboard KPI and anomaly cashflow read models,done,P0,SDK-002,Port the archive dashboard's most useful cashflow semantics into Rust so KPI strips and anomaly indicators are computed once in the SDK rather than improvised in UI layers.,"Typed read models for last full month net, trailing average net, median spend, short-term trend state, rolling median expense, expense deviation ratio, and anomaly flagging.","SDK exposes typed cashflow/dashboard models with archive-equivalent semantics; current partial month is excluded correctly; anomaly metrics are test-covered and reusable by TUI, API, and web.","Add unit tests against fixture data for normal, anomalous, and sparse series; verify partial month handling and sign conventions.",Compute these metrics in Rust services rather than in TUI or web loaders; document partial-month rules and trailing-window rules explicitly; keep naming stable and domain-specific.,Current month cutoff is easy to get wrong; income and expense sign conventions must remain explicit; avoid per-UI reimplementation of anomaly thresholds.,crates/fin-sdk/src/reports.rs; crates/fin-sdk/src/queries.rs; new fin-sdk dashboard module if needed
40,SDK-004,SDK,Core,Implement asset allocation and reserve composition read models,done,P0,SDK-003,"Recover the archive allocation views by exposing typed composition data for available cash, expense reserve, tax reserve, emergency funds, savings, and investments where configuration allows it.",Allocation models for personal and non-personal groups; reserve composition helpers; config-driven subtype mapping and percentage calculations suitable for both segmented bars and tables.,Group allocation data is exposed by Rust without UI-specific recomputation; personal and business or joint semantics are explicit; percentages and absolute amounts are both available and test-covered.,Add fixture-backed tests for personal and business or joint groups; verify edge cases such as missing subtype metadata and negative available balances.,Use configuration and account metadata rather than hardcoded IDs wherever possible; return both raw amounts and precomputed shares so UIs do not re-derive business logic.,"Missing subtype data, negative available values, and reserve month or tax assumptions can skew outputs; do not silently collapse different reserve semantics into one generic number.",crates/fin-sdk/src/reports.rs; crates/fin-sdk/src/queries.rs; crates/fin-sdk/src/config
48,SDK-005,SDK,Core,Implement historical balance and contribution series read models,done,P0,SDK-004,"Bring back the archive historical time-series views by exposing merged all-account balance timelines, per-account balance series, and cumulative contribution series from Rust.","Typed time-series models for all-account merged balances, per-account balances, and cumulative contributions; deterministic forward-fill and optional downsampling rules documented in Rust.",SDK can return all-account and per-account history without web-only helpers; forward-fill semantics are explicit and tested; contribution series exists for investment accounts and sparse dates are handled correctly.,"Add unit tests for forward fill, sparse series, and contribution aggregation; verify timeline ordering and date normalization against fixtures.",Keep date semantics UTC-normalized and deterministic; make any downsampling opt-in and reproducible; expose enough metadata for UI layers to render history without bespoke loaders.,"Timezone drift, sparse series gaps, and hidden forward-fill assumptions can create false trend lines; do not make downsampling lossy by default.",crates/fin-sdk/src/queries.rs; new fin-sdk timeseries module if needed
56,SDK-006,SDK,Core,Implement expense hierarchy and flow matrix read models,done,P0,SDK-005,Recover the archive treemap and Sankey information in Rust-native form so both web and TUI can render category hierarchy and flow-of-funds views from the same source of truth.,"Typed hierarchical expense tree model; typed flow matrix or graph model with source, target, amount, and share fields; pruning and ordering rules for zero-value nodes.",Rust can generate archive-equivalent hierarchy and flow data; ordering and share calculations are deterministic; both graph-style and table-style UIs can consume the same model without post-processing.,"Add fixture-backed tests for hierarchy shape, zero-node pruning, ordering, and share totals; verify outputs for multiple groups.",Design these read models for both web charts and terminal tables; include amounts and percentages; keep hierarchy generation in SDK rather than web helpers.,"Expense hierarchy naming collisions, transfer noise, and zero-value branches can make outputs misleading; do not tie the model to ECharts-specific fields.",crates/fin-sdk/src/queries.rs; new fin-sdk hierarchy or flow module if needed
80.0,SDK-007,SDK,Core,Implement runway projection and scenario read models,done,P0,SDK-006,Add forward-looking runway projection models so the restored overview surfaces can compare current-burn and minimum-burn scenarios with explicit threshold and breach information.,"Projection models for multiple burn scenarios, threshold and warning markers, projected balances by month, and derived breach month or runway summary metadata.",Historical runway and forward projection are clearly separated in the SDK; projection models support current-burn and minimum-burn cases; thresholds and breach metadata are explicit and tested.,"Add unit tests for positive, negative, and threshold-crossing scenarios; verify projection dates and burn assumptions are stable and documented.",Keep projection logic separate from historical report.runway semantics; make assumptions explicit in types and function names; prefer deterministic monthly projection steps.,It is easy to conflate historical runway series with forward projection; threshold units and months-to-breach semantics must be explicit; do not hide scenario assumptions in UI code.,crates/fin-sdk/src/reports.rs; new fin-sdk projection module if needed
90.0,SDK-008,SDK,Core,"Implement paginated, sortable, group-scoped transaction read models",done,P0,SDK-007,"Replace preview-style transaction access with robust read models that support stable sorting, cursor paging, counts, and row-detail payloads for both TUI and web.","Transaction list API types with group filtering, sort columns and directions, stable cursor pagination, total counts, and selected-row detail structures.",Transactions can be queried by group with explicit sort and cursor semantics; counts and detail payloads are available; stable tie-breaking prevents duplicate or skipped rows across pages.,"Add integration tests for cursor pagination, sort ordering, and search edge cases on the fixture ledger; verify repeated page fetches are stable.",Prefer cursor pagination over offset pagination; include stable tie-breaks such as posted_at plus id; design payloads to support both table rendering and detail panes.,Pagination bugs are subtle and easy to miss; search semantics can drift from existing CLI behavior; do not force consumers to fetch the full dataset when they only need one page.,crates/fin-sdk/src/queries.rs; crates/fin-sdk/src/reports.rs if summary metadata is shared
100,PERF-001,PERF,Performance,Batch-optimize accounts and ledger readers,done,P0,SDK-008,Remove the obvious N plus 1 patterns in accounts and ledger readers before any API wraps them so the system is fast by construction instead of by caching over slow SQL.,Batched account balance and freshness queries; batched ledger plus postings load path; query count reduction and before or after benchmark notes.,view.accounts no longer performs per-account loops for balances and updates; view.ledger no longer performs one postings query per entry; measured warm-run performance improves on the fixture baseline.,Run account and ledger benchmarks before and after; verify exact row ordering and payload shapes with tests.,Keep output semantics unchanged while reducing query count; prefer straightforward SQL over clever query builders; document any changed assumptions about ordering.,Performance refactors that alter ordering or null semantics are regressions; do not trade correctness for fewer queries.,crates/fin-sdk/src/queries.rs
110,PERF-002,PERF,Performance,Refactor summary and report aggregation to reuse shared series,done,P0,PERF-001,"Stop repeated full-series scans in summary-style reports by computing shared group cashflow inputs once and deriving runway, health, and reserves from reusable intermediate data.",Shared aggregation helpers; summary and related report paths updated to reuse them; benchmark notes showing reduced redundant work.,report.summary no longer triggers avoidable repeated scans per group; summary-style outputs remain semantically identical; warm report timings improve measurably on the fixture baseline.,"Benchmark summary, cashflow, runway, and reserves paths before and after; run unit tests and any parity checks.",Prefer explicit reusable intermediate structures over hidden caching magic; keep business rules and trailing windows unchanged unless a ticket explicitly changes them.,Small semantic drifts in reserve or runway math are easy to miss during reuse refactors; do not regress archived KPI meaning in pursuit of speed.,crates/fin-sdk/src/reports.rs; crates/fin-sdk/src/queries.rs
120,PERF-003,PERF,Performance,Optimize transaction list and search path and add storage support only if justified,done,P0,PERF-002,"Profile and optimize the transaction query path for large ledgers, and add indexes or FTS only if benchmarks show the simpler path cannot meet the stated budget.",Query-plan study; optimized transaction list query; optional schema migration for indexes or FTS if benchmark-gated; recorded warm and cold timings for list and search paths.,"Warm paginated transaction list meets the target budget or an explicit justified exception is recorded; search path is measurably improved and documented; any DB changes are minimal, test-covered, and reversible.",Run benchmarks and query-plan inspection against the fixture ledger; verify migration behavior if indexes or FTS are added; rerun transaction pagination tests.,"Prefer the smallest storage change that satisfies the budget; keep list performance separate from substring search performance; document whether search is exact, LIKE-based, or FTS-based.",FTS adds schema and maintenance complexity; bundled SQLite features may differ across environments; do not add heavyweight storage features without benchmark proof.,crates/fin-sdk/src/queries.rs; crates/fin-sdk/src/db/schema.rs; crates/fin-sdk/src/db/migrate.rs
130,TUI-001,TUI,TUI,Refactor TUI state model and context-aware cache,done,P0,PERF-003,"Fix the TUI's current route-only cache and limited state model so richer group, sort, window, and route context can exist without stale or conflicting payloads.","Context-aware cache keying; expanded fetch context covering group, sort, window, and route-specific state; migration of route refresh logic to the new model.",TUI cache entries are keyed by route plus relevant context; changing group or scope never reuses stale data; route state needed for later redesigns exists without ad hoc globals.,"Run TUI state tests and manual route switching flows; verify cache invalidation when group, scope, or filters change.",Keep the state model explicit and boring; make route context serializable or easy to fingerprint; prepare for later route redesigns without changing visible behavior more than necessary in this ticket.,Cache bugs are easy to hide during manual testing; do not bake route-specific assumptions into a so-called generic cache key; keep palette and key handling coherent while state grows.,crates/fin-tui/src/app.rs; crates/fin-tui/src/cache.rs; crates/fin-tui/src/fetch.rs
140,TUI-002,TUI,TUI,Modularize TUI fetch and render architecture and add shared widgets,done,P0,TUI-001,Break up the monolithic TUI files into route and widget modules so later dashboard redesign tickets can land cleanly and stay testable.,"Modularized route renderers and fetch adapters; shared terminal widget helpers for bars, segmented compositions, trees, tables, and summary cards; simplified ui.rs entrypoint.",ui.rs and fetch.rs are no longer single monoliths; route modules compile cleanly; shared widgets exist for repeated visual patterns; later route tickets can change one route without destabilizing all others.,Run cargo check and TUI tests; manually verify the pre-redesign TUI still renders after modularization.,Refactor structure before redesigning visuals; keep public behavior stable in this ticket; prefer small domain-specific widgets over overengineered abstractions.,Do not create a generic widget framework with no immediate need; do not mix route business logic into pure rendering helpers.,crates/fin-tui/src/ui.rs; crates/fin-tui/src/fetch.rs; crates/fin-tui/src/routes.rs; new crates/fin-tui/src/ui or widgets modules
150,TUI-003,TUI,TUI,Redesign Summary route for dense KPI and allocation visibility,done,P0,TUI-002,"Turn the Summary route into a true finance dashboard with a dense KPI strip, allocation bar, reserve coverage, and lightweight anomaly or watchlist signals instead of a sparse table plus gauges.","New Summary route layout, including per-group KPI strip, segmented allocation or reserve bars, concise snapshot blocks, and any watchlist rows supported by SDK models.","Summary route surfaces runway, last-month net, trend state, median spend, net worth, available or reserve composition, and clear status cues without requiring users to visit text-only routes; layout remains legible on common terminal widths.","Manual TUI validation at narrow, standard, and wide terminal widths; route-specific tests where feasible; compare content against SDK data and archived dashboard intent.","Optimize for information density, not ornamental borders; prefer one-line cards and segmented bars where they save space; keep labels explicit and tabular-friendly.",Overpacking the route can make it unreadable; do not rely on color alone for meaning; avoid hardcoded width assumptions that collapse below 100 to 120 columns.,crates/fin-tui/src/app.rs; crates/fin-tui/src/fetch.rs; new summary route renderer modules; crates/fin-tui/src/theme.rs
160,TUI-004,TUI,TUI,Redesign Cashflow route around grouped monthly bars and anomaly cues,done,P0,TUI-003,"Replace weak line-like encodings with terminal-native grouped or diverging monthly bars, explicit deviation markers, and compact trailing metrics for income, expense, and net.","A cashflow route that uses grouped monthly bars or centered diverging bars, explicit deviation and savings indicators, and a compact reserve or runway footer.","Income, expense, and net are easy to compare month by month in the terminal; anomaly or deviation state is visible without reading raw numbers only; color usage is consistent and secondary to labels and sign cues.",Manual validation on real terminal sizes; compare route numbers to SDK models; add helper tests for bar scaling or label formatting where practical.,Use consistent color families such as lighter blue for income and darker blue for expense if a single-family palette is chosen; prefer grouped bars over overlapping bars unless overlap readability is proven.,Line-chart nostalgia is a trap in terminal UIs; do not compress labels until bars become meaningless; preserve sign clarity and explicit units.,crates/fin-tui/src/fetch.rs; new cashflow route modules; shared widget helpers; crates/fin-tui/src/theme.rs
170,TUI-005,TUI,TUI,"Redesign Overview route for account drilldown, history, and projection",done,P0,TUI-004,Upgrade the Overview route from a static balance bar chart into a split view that shows account inventory on one side and selected-account history or projection detail on the other.,"Overview layout with account list or table, selected-account focus state, historical balance panel, contribution-aware investment view where applicable, and retained freshness visibility.",Users can inspect total context and then drill into one account without leaving the route; history and projections are visible in terminal-friendly form; stale account data remains visible and actionable.,Manual validation of selection behavior and layout at different widths; compare values to SDK history and projection models; add tests for state transitions where possible.,Preserve keyboard-only navigation; keep selection obvious; make the route useful for both regular cash accounts and contribution-based investment accounts.,Do not continue using absolute-value bars as the primary explanation of account state; avoid requiring a mouse or hidden key chords for drilldown.,crates/fin-tui/src/app.rs; crates/fin-tui/src/fetch.rs; new overview route modules
180,TUI-006,TUI,TUI,"Redesign Categories route for pareto, hierarchy, and flow-of-funds insight",done,P0,TUI-005,"Make Categories a high-signal analytical route by combining pareto data, expense hierarchy, leakage, and flow-of-funds views instead of limiting it to a chart and a sparkline table.","Categories route with top categories, indented expense tree, uncategorized leakage summary, and flow matrix or linked flow summary supported by SDK hierarchy and flow models.","Categories route surfaces both concentration and structure; users can see top spend, category hierarchy, leakage, and where money flows; information density improves without becoming visually chaotic.",Manual route validation on multiple widths; compare totals and percentages to SDK models; add focused tests for tree or matrix formatting helpers where practical.,Use trees and tables where they communicate structure better than faux charts; preserve the leakage cue; order sections by likely diagnostic value.,Hierarchy rendering can explode vertically if not pruned or capped; do not recreate a treemap badly in text when an indented tree would be clearer.,crates/fin-tui/src/fetch.rs; new categories route modules; shared tree and matrix widgets
190,TUI-007,TUI,TUI,"Redesign Transactions route for group, sort, paging, and detail inspection",done,P0,TUI-006,"Turn Transactions into a high-volume inspection tool with group filters, stable sorting, cursor paging, and a selected-row detail pane instead of a global preview table.","Transactions route with group selection, sort controls, cursor paging, search, range summary, and row-detail panel sourced from the new SDK transaction models.",Thousands of transactions are navigable without loading or rendering everything at once; group scope and sort state are visible; selected-row details provide more context than a single table row.,"Manual validation on large fixture datasets; verify page boundaries, sorting, and search behavior; add tests for cursor and selection state transitions.",Prefer server or SDK pagination to local full-list filtering when volume grows; keep the search affordance discoverable; ensure the detail pane does not starve the main table of width.,Do not reintroduce full in-memory transaction previews as the primary path; avoid unstable sort behavior and duplicate or skipped rows across pages.,crates/fin-tui/src/app.rs; crates/fin-tui/src/fetch.rs; new transactions route modules
200,TUI-008,TUI,TUI,Replace or retire the plain-text Reports route and finalize palette and key model,done,P1,TUI-007,"Finish the TUI redesign by removing the leftover plain-text report dump as the default analytical escape hatch and bringing the palette, footer hints, and route model up to date.","Structured replacement for Reports route or an intentional route removal with equivalent structured surfaces elsewhere; updated palette actions, footer hints, and route labels or IDs.",No major analytical route remains plain-text by accident; palette actions expose current route controls cleanly; footer hints match real keybindings and state model.,"Manual verification of navigation, palette actions, and route availability; run TUI tests and cargo check.",Be explicit if Reports is removed or folded into another route; keep command-palette behavior aligned with actual route context and new filters.,Do not delete useful metrics without providing a structured replacement; do not let palette metadata and real behavior drift apart again.,crates/fin-tui/src/routes.rs; crates/fin-tui/src/app.rs; crates/fin-tui/src/palette.rs; crates/fin-tui/src/ui.rs
210,API-001,API,API,Scaffold fin-api crate and workspace integration,done,P0,PERF-003,"Create the new fin-api crate as a thin Rust daemon that depends on fin-sdk and is wired into the workspace, build, and test surfaces without introducing duplicate domain logic.","New crates/fin-api package, Cargo manifest, binary entrypoint, workspace membership, and minimal boot path that compiles and runs.",fin-api builds as part of the workspace; it depends on fin-sdk rather than fin-cli; no business logic is duplicated into the daemon scaffold; root cargo and build scripts are aware of the crate where needed.,Run cargo check and cargo test for the workspace; confirm the new binary starts and exits cleanly in placeholder form.,Keep fin-api thin from day one; prefer direct SDK service calls over CLI command reuse; keep startup configuration explicit and local-first.,Do not route API requests through fin-cli subprocesses; do not move domain logic out of fin-sdk into the daemon.,Cargo.toml; crates/fin-api/Cargo.toml; crates/fin-api/src/main.rs
220,API-002,API,API,"Implement server runtime, Unix socket default transport, and lifecycle management",done,P0,API-001,"Build the local daemon runtime around HTTP plus JSON over a Unix domain socket by default, with loopback TCP fallback only where portability or debugging requires it.","HTTP server runtime, socket path configuration, stale socket cleanup, graceful shutdown, readiness handling, optional loopback TCP fallback, and structured stderr logging.",fin-api serves over a Unix socket by default; stale sockets are cleaned up safely; readiness and shutdown are reliable; a TCP fallback exists without changing the API surface.,"Start the daemon, hit a probe endpoint over the Unix socket, restart it to verify stale-socket cleanup, and confirm clean shutdown behavior.",Treat this as a local daemon first; keep logs quiet by default but explicit on failure; separate transport concerns from handler logic.,Socket path length and permissions can fail in surprising ways; do not assume Unix sockets work everywhere; keep fallback transport optional rather than primary.,crates/fin-api/src/main.rs; new crates/fin-api/src/server modules; package or script hooks if needed
230,API-003,API,API,Implement orientation endpoints and shared API envelope,done,P0,API-002 | SDK-002,"Expose version, tools, and health through the daemon using the same stable envelope semantics as the CLI so both humans and agents can discover and trust the service.","Orientation endpoints such as version, tools, and health; shared envelope middleware or helpers; consistent error mapping and meta timing fields.","API orientation endpoints return the same contract shape as the CLI; health, tools, and version are complete and accurate; error codes and hints are stable and actionable.",Add API contract tests for orientation endpoints; compare outputs to CLI expectations where applicable.,Reuse the corrected discovery and envelope contract from SDK-002; keep the handlers thin and typed; measure elapsed time consistently.,Do not create a second inconsistent discovery system; do not expose internal panic or database details in error messages.,crates/fin-api/src/main.rs; new crates/fin-api/src/handlers; crates/fin-sdk/src/contracts.rs; crates/fin-cli/src/registry.rs
240,API-004,API,API,"Implement config, rules, sanitize-discover, and view endpoints",done,P0,API-003 | SDK-008,Expose the existing read-only infrastructure surfaces and core ledger views through fin-api so the web package and other local clients can stop depending on direct SDK or DB access.,"Read-only endpoints for config show or validate, rules show or validate, sanitize discover, view accounts, view transactions, view ledger, and view balance.",Each endpoint maps cleanly to shared SDK read services; payloads are fully typed and envelope-wrapped; view transactions uses the new paginated or sortable transaction model rather than legacy preview behavior.,"Add endpoint tests covering success, invalid input, and blocked prerequisite cases; verify representative calls over the Unix socket.",Mirror read-only CLI capability but do not blindly copy CLI presentation details; keep route naming predictable and local-client friendly.,Do not expose mutation endpoints in fin-api; do not fallback to CLI subprocess calls; do not let config or rules endpoints read unsanitized runtime state into the repo.,crates/fin-api/src/handlers; crates/fin-sdk/src; crates/fin-cli/src/commands for parity reference only
250,API-005,API,API,Implement report endpoints,ready,P0,API-004 | SDK-007,"Expose cashflow, health, runway, reserves, categories, audit, and summary report data through fin-api using the improved SDK models and corrected contract semantics.","Report endpoints for cashflow, health, runway, reserves, categories, audit, and summary, all backed by shared SDK logic and wrapped in the standard envelope.",Every read-only report command has a direct API equivalent; summary payloads stop being placeholders where richer models now exist; report endpoints are benchmarked against the fixture baseline.,Add API tests for representative report calls and edge cases; compare values with CLI or direct SDK parity checks.,Prefer direct typed SDK responses over reserializing CLI JSON values; keep route filters and parameter names consistent with CLI semantics where practical.,Do not preserve placeholder summary structures once richer models exist; do not let API route naming drift away from discovery metadata.,crates/fin-api/src/handlers; crates/fin-sdk/src/reports.rs; crates/fin-sdk/src/queries.rs
260,API-006,API,API,Implement dashboard-specific endpoints for restored web and TUI surfaces,blocked,P0,API-005 | SDK-006,Add dedicated high-signal dashboard endpoints rather than forcing clients to over-fetch or reconstruct complex views from generic report endpoints.,"Dashboard endpoints covering KPI strip data, allocation composition, historical balance series, contribution series, flow matrix, expense hierarchy, and projection payloads needed by restored web screens and richer TUI routes.",Web and any future local clients can fetch archive-equivalent dashboard surfaces directly from fin-api; clients no longer need to compose large numbers of generic endpoints to rebuild one screen.,Add endpoint tests and latency benchmarks for each dashboard payload; verify response sizes are reasonable and fields map directly to UI needs.,"Keep dashboard endpoints thin and read-only; design responses around UI tasks, not around generic chart library formats; include both raw values and precomputed summary fields when it saves client work.",Do not bloat report.summary into an everything endpoint if smaller task-focused endpoints are clearer; do not ship ECharts-specific field names as core API types.,crates/fin-api/src/handlers; crates/fin-sdk/src/dashboard or equivalent modules
270,API-007,API,API,"Add fin-api contract tests, latency benchmarks, and operator docs",blocked,P0,API-006,"Finish the daemon properly by adding contract coverage, benchmark coverage, and operator-facing usage documentation so fin-api is a stable product surface rather than an internal experiment.","API integration tests, contract snapshots, benchmark scripts or commands, and concise operator docs covering startup, transport, health checks, and troubleshooting.","All orientation, view, report, and dashboard endpoints have test coverage; latency benchmarks exist and are recorded; operator docs explain Unix socket usage, fallback transport, and common failure modes.",Run full API test suite and benchmark commands; verify docs against the actual binary and transport behavior.,"Document what is measured and on which fixture; keep docs short and operational; note the difference between warm latency, cold latency, and page-render latency.",Do not claim sub-5 millisecond behavior without a recorded command and dataset; do not leave fallback transport undocumented if it ships.,crates/fin-api/tests; scripts or benches; PLAN.md or dedicated API docs
280,WEB-001,WEB,Web,Restore packages/web workspace and build skeleton without reintroducing the archived core,blocked,P0,API-007,Bring the SvelteKit package back onto main with its tooling and structure intact while ensuring it is positioned as a pure API client rather than a second application core.,"Restored packages/web workspace, package manifest, configs, app shell, route skeletons, and root workspace integration compatible with current main.",packages/web exists and builds in the workspace; the app shell and route structure are restored; no direct @fin/core or direct DB dependency is reintroduced for data access on main.,"Run bun install if needed, bun run --filter @fin/web check, and bun run --filter @fin/web build with temporary or real API client stubs as required.",Restore the proven UI structure first and then change data plumbing deliberately; keep the visual system and accessible shell from archive where still valuable.,Do not bring back the archived TypeScript or Bun core as a runtime dependency; do not let web loaders query SQLite or read TOML directly.,package.json; packages/web/package.json; packages/web/src; Svelte and Vite config files
290,WEB-002,WEB,Web,Implement server-side fin-api client and remove direct SDK or DB coupling,blocked,P0,WEB-001 | API-007,Replace archive-style local core access with a server-only client that talks to fin-api over the Unix socket by default and exposes typed helper calls to route loaders.,packages/web/src/lib/server/api.ts or equivalent; typed request helpers; loader integration scaffolding; environment or config wiring for socket path and fallback transport.,All server loaders use fin-api client helpers rather than direct DB or config access; socket transport is hidden behind one client module; typed responses mirror the API envelope cleanly.,Run web typecheck and build; mock or hit the real API in route-loader tests where available; verify no direct SDK or DB imports remain in server loaders.,Keep the API client server-only; centralize envelope parsing and error handling; hide transport details from route code.,Do not leak Unix socket details to client-side bundles; do not scatter raw fetch calls with duplicated error handling across many route files.,packages/web/src/lib/server/api.ts; packages/web/src/routes/**/*; package.json
300,WEB-003,WEB,Web,Restore dashboard page against fin-api,blocked,P0,WEB-002 | API-006,"Rebuild the archive dashboard on main using Rust API payloads so the most information-rich screen returns with its KPI strip, allocation bar, monthly cashflow, distribution flow, expense breakdown, and account history panels.","Dashboard route loaders and Svelte components wired to fin-api; restored KPI strip, allocation panels, cashflow chart, flow visualization, expense breakdown, and account chart modules.","Dashboard renders from fin-api only; layout and information density are meaningfully comparable to archive; loading, empty, and error states exist; charts receive typed Rust-backed data without bespoke client recomputation.","Run web check and build; manually test dashboard on narrow, standard, and very wide viewports; compare values and surfaces against archive intent and SDK outputs.",Restore structure before inventing new design patterns; preserve responsive all-groups versus active-group behavior where still valuable; keep chart code thin and data-driven.,Do not revive archived data-fetch logic or hidden business calculations in Svelte components; do not allow SSR or hydration to recompute core financial metrics differently from the Rust API.,packages/web/src/routes/+page.server.ts; packages/web/src/routes/+page.svelte; packages/web/src/lib/charts; packages/web/src/lib/Header.svelte
310,WEB-004,WEB,Web,Restore overview page against fin-api,blocked,P0,WEB-003,Bring back the overview page with all-account historical balance context and runway projection so long-horizon financial context exists again on main.,Overview route loader and Svelte page wired to fin-api historical balance and projection endpoints; restored chart components configured for Rust-backed data.,Overview page renders all-account balance history and runway projection from fin-api; threshold and warning semantics are preserved; loading and empty states are present.,Run web check and build; manually compare overview visuals and values to API payloads and archived behavior.,Keep all-account history and projection conceptually separate; use API response types directly; preserve archive readability rather than introducing gratuitous new UI patterns.,Do not let projection semantics drift from SDK assumptions; avoid client-side data reshaping that duplicates Rust logic.,packages/web/src/routes/overview/+page.server.ts; packages/web/src/routes/overview/+page.svelte; packages/web/src/lib/charts
320,WEB-005,WEB,Web,Restore transactions page against fin-api with scalable data flow,blocked,P0,WEB-004 | API-004,"Bring back the transactions page as a group-scoped, sortable, scalable inspection view backed by the new paginated or sorted Rust API rather than preloading giant in-memory blobs by group.",Transactions loader and page wired to fin-api list and count endpoints; scalable sort and filter flow; restored table behavior with virtualized or efficient rendering.,"Transactions page no longer depends on archive-style bulk per-group loads if the API supports paging; sort, group, and count UI are preserved; the page stays responsive on large fixtures.","Run web check and build; manually test sort and group changes, count accuracy, and large-list responsiveness; compare output to API pagination behavior.",Use the API's sort and pagination features rather than recreating them client-side; preserve clear range and count messaging.,Do not fetch all rows just to preserve old UI code; do not allow URL state and API state to drift.,packages/web/src/routes/transactions/+page.server.ts; packages/web/src/routes/transactions/+page.svelte; packages/web/src/lib/Header.svelte
330,WEB-006,WEB,Web,"Harden web connection states, performance, and dependency cleanup",blocked,P1,WEB-005,"Finish the restored web package by tightening connection state UX, downsampling or chart performance, and eliminating any leftover archived-core dependency or dead code.","Final web polish on loading and error states, connection indicator behavior, chart downsampling where needed, dependency cleanup, and route-level performance tuning.","Header connection state reflects real API health; pages handle loading, empty, and error states cleanly; no archived core data dependency remains; chart performance is acceptable on the fixture baseline.",Run web check and build; manually simulate API unavailable and slow API cases; inspect final package dependency graph for unwanted archived-core coupling.,Keep this ticket focused on reliability and performance rather than redesign; prefer deleting dead compatibility code over keeping it around just in case.,"Do not leave zombie imports, route stubs, or direct-core helpers in place; do not hide API failures behind silent fallback data.",packages/web/src; packages/web/package.json; root package.json
340,DEV-001,DEV,Integration,Implement root dev orchestration so bun run dev starts fin-api and web together,blocked,P0,API-007 | WEB-006,"Create the integrated local developer loop where one root command starts the Rust API daemon, waits for readiness, then starts the web app with clean shutdown and quiet normal logging.","A root dev script or small Bun orchestrator that launches fin-api, waits for health over the chosen transport, starts the web dev server, forwards useful logs, and cleans up child processes and sockets on exit.",bun run dev starts the full stack reliably; fin-api runs quietly in the background under normal conditions; readiness is awaited before the web depends on it; Ctrl+C or normal exit cleans up processes and sockets.,"Run bun run dev and verify clean startup, connected header state, clean shutdown, and restart behavior after an interrupted previous run.",Use a real process orchestrator script rather than brittle shell backgrounding; keep logs terse by default; treat cleanup as a first-class requirement.,"Orphaned processes, stale sockets, and race conditions are the biggest risk; do not assume shell job control is portable enough for this workflow.",package.json; scripts/dev.ts or equivalent; crates/fin-api startup hooks; packages/web env wiring
350,DEV-002,DEV,Integration,"Integrate build, install, and check pipelines across CLI, TUI, API, and web",blocked,P0,DEV-001,"Update the root build and quality-gate scripts so the new API and restored web package are part of normal build, install, and validation flows rather than side projects.","Root package.json scripts, workspace wiring, and any install or packaging logic updated to include fin-api and packages/web; quality gates updated for Rust plus web.",Root check pipeline validates Rust workspace and web package; build or install flows know about fin-api where appropriate; no major path on main ignores the new runtime pieces.,Run the full quality gate and build pipeline from the root; confirm expected artifacts and failure behavior.,Keep scripts explicit and deterministic; prefer one quality gate entrypoint; document any unavoidable environment requirements.,Do not break existing fin or fin-tui workflows while adding fin-api and web; avoid hiding failures behind best-effort shell constructs.,package.json; Cargo.toml; packages/web/package.json; crates/fin-api/Cargo.toml
360,QA-002,QA,Final,"Run final contract, parity, performance, and manual validation pass",blocked,P0,TUI-008 | DEV-002,"Close the roadmap by proving the rebuilt system works end to end: richer SDK models, restored TUI usefulness, fin-api daemon, restored web package, and integrated dev workflow.","Final contract snapshots, benchmark report, manual validation checklist results, and updated ticket statuses reflecting the real completion state of the roadmap.","All required tests and checks pass; benchmark budgets are met or any exception is explicitly documented; manual validation covers TUI, API, web, and dev orchestration; tickets.csv status fields are updated to reflect reality.","Run root quality gate, relevant benchmark commands, and manual scenario checks including API unavailable, stale socket recovery, wide versus narrow TUI layouts, and large transaction navigation.",Be strict about definition of done; record the exact commands used for benchmark claims; update ticket statuses rather than hand-waving completion in prose.,Do not claim success without recorded evidence; do not leave partial tickets marked done; do not skip manual checks just because automated tests passed.,tickets.csv; PLAN.md; test and benchmark outputs; package.json
